유통센터명,소재지도로명주소,소재지지번주소,위도,경도,주요품목명,설립연도,전화번호,관리기관명,데이터기준일자,제공기관코드,제공기관명
순천 거점산지유통센터,전라남도 순천시 승주읍 중대길 15,전라남도 순천시 승주읍 평중리 188,35.019461,127.371649,배+참다래+단감+복숭아 등,2010,061-752-0400,전라남도 순천시 농식품유통과,2024-10-23,4820000,전라남도 순천시
남안동농협,경상북도 안동시 남후면 농공길 51,경상북도 안동시 남후면 광음리 1128-7,36.50075505,128.6587803,건고추+양파,2010,054-859-6034,경상북도 안동시청,2024-11-29,5070000,경상북도 안동시
농업법인(주)참,경상북도 안동시 남후면 남일로 1333-1,경상북도 안동시 남후면 무릉리 1346,36.52703263,128.6758026,사과+감귤류,2020,054-843-3347,경상북도 안동시청,2024-11-29,5070000,경상북도 안동시
대경능금농협(안동시공공 1),경상북도 안동시 풍산읍 유통단지길 99,경상북도 안동시 풍산읍 노리 953-9,36.58876514,128.6100456,사과,1997,054-859-1447,경상북도 안동시청,2024-11-29,5070000,경상북도 안동시
대경능금농협(안동 2),경상북도 안동시 남후면 남일로 1310,경상북도 안동시 남후면 무릉리 683-8,36.52643648,128.6733533,사과,2015,054-843-5566,경상북도 안동시청,2024-11-29,5070000,경상북도 안동시
군자농협 APC,경기도 안산시 단원구 대부중앙로 141(대부동동),경기도 안산시 단원구 대부동동 1490-2,37.241627,126.5892722,포도,2007,032-886-6100,군자농업협동조합,2025-06-02,3930000,경기도 안산시
가야농협 산지유통센터,경상남도 가야면 가야시장로 37,,35.2722159,128.4081804,양파,2010,055-932-7796,경상남도 합천군청,2025-05-24,5480000,경상남도 합천군
율곡농협 농산물산지유통센터,경상남도 합천군 율곡면 동부로 571,,35.5745544,128.2155623,양파+마늘,2009,055-933-3836,경상남도 합천군청,2025-05-24,5480000,경상남도 합천군
합천동부농협 농산물산지유통센터,경상남도 합천군 적중면 동부로 1420-2,,35.5519555,128.2894017,양파+마늘,2016,055-932-1014,경상남도 합천군청,2025-05-24,5480000,경상남도 합천군
성주군 APC,경상북도 성주군 대가면 옥성4길 1,경상북도 성주군 대가면 옥성리 356,,,참외,2007,,경상북도 성주군청,2024-08-06,5210000,경상북도 성주군
성주농협 APC,경상북도 성주군 성주읍 성주순환로 209,경상북도 성주군 성주읍 예산리 303-12,,,참외,2020,,경상북도 성주군청,2024-08-06,5210000,경상북도 성주군
선남농협 APC,경상북도 성주군 선남면 관화길 53,경상북도 성주군 선남면 관화리 835,,,참외,2018,,경상북도 성주군청,2024-08-06,5210000,경상북도 성주군
용암농협 APC,경상북도 성주군 용암면 운용로 1100-29,경상북도 성주군 용암면 기산리 1157,,,참외,2022,,경상북도 성주군청,2024-08-06,5210000,경상북도 성주군
수륜농협 APC,경상북도 성주군 수륜면 참별로 227,경상북도 성주군 수륜면 계정리 264,,,참외,1995,,경상북도 성주군청,2024-08-06,5210000,경상북도 성주군
서부농협 APC,경상북도 성주군 가천면 참별로 1547,경상북도 성주군 가천면 창천리 137,,,참외,2020,,경상북도 성주군청,2024-08-06,5210000,경상북도 성주군
대가농협 APC,경상북도 성주군 대가면 참별로 2262,경상북도 성주군 대가면 옥성리 807-3,,,참외,1992,,경상북도 성주군청,2024-08-06,5210000,경상북도 성주군
벽진농협 APC,경상북도 성주군 벽진면 수촌길 24,경상북도 성주군 벽진면 수촌리 818,,,참외,2014,,경상북도 성주군청,2024-08-06,5210000,경상북도 성주군
초전농협 APC,경상북도 성주군 초전면 주천로 925-17,경상북도 성주군 초전면 봉정리 250,,,참외,2020,,경상북도 성주군청,2024-08-06,5210000,경상북도 성주군
월항농협 APC,경상북도 성주군 월항면 월항로 358,경상북도 성주군 월항면 용각리 1131,,,참외,2015,,경상북도 성주군청,2024-08-06,5210000,경상북도 성주군
참외원협 제1 APC,경상북도 성주군 성주읍 주산로 116,경상북도 성주군 성주읍 삼산리 345-2,,,참외,2007,,경상북도 성주군청,2024-08-06,5210000,경상북도 성주군
참외원협 제2 APC,경상북도 성주군 성주읍 상성로 1394,경상북도 성주군 성주읍 성산리 1539,,,참외,2017,,경상북도 성주군청,2024-08-06,5210000,경상북도 성주군
군산원예농협,전북특별자치도 군산시 하포로 29,전북특별자치도 군산시 수송동 24-13,35.95652244,126.7238233,배추+무+건고추+양파+마늘+생강+감자+대파+고구마+수박,1967,063-468-2004,전북특별자치도 군산시,2025-01-13,4671000,전북특별자치도 군산시
군산먹거리통합지원센터,전북특별자치도 군산시 성산면 산곡2길 37,전북특별자치도 군산시 성산면 산곡리 676-1,35.97944582,126.8180697,소형양배추,2021,070-4250-0099,전북특별자치도 군산시,2025-01-13,4671000,전북특별자치도 군산시
여수농협 돌산갓유통센터,전라남도 여수시 돌산읍 강남4길 55,전라남도 여수시 돌산읍 우두리 1026-6,34.72227545,127.7519008,돌산갓+마늘+고들빼기,2013,061-644-2140,여수농협,2025-02-20,4810000,전라남도 여수시
여수원예농협 산지유통센터,전라남도 여수시 반월길 78,전라남도 여수시 선원동 742,34.77684327,127.6545793,양파+당근+감자,2010,061-684-9400,여수원협,2025-02-20,4810000,전라남도 여수시
합천새남부농협 농산물산지유통센터(쌍백지점),경상남도 합천군 쌍백면 청정로 60,,35.4392998,128.1514385,양파+마늘,2009,055-932-3510,경상남도 합천군청,2025-05-24,5480000,경상남도 합천군
합천유통㈜,경상남도 합천군 합천읍 대야로 1184,,35.589312,128.1753243,양파+마늘,2014,055-933-9100,경상남도 합천군청,2025-05-24,5480000,경상남도 합천군
덕곡농산물산지유통센터,경상남도 합천군 덕곡면 오광대로 1095,,35.6163202,128.3574216,양파+마늘,2009,055-933-1143,경상남도 합천군청,2025-05-24,5480000,경상남도 합천군
합천새남부농협 농산물산지유통센터,경상남도 합천군 삼가면 서부로 168-15,,35.4169477,128.1069546,양파+마늘,2023,055-932-4776,경상남도 합천군청,2025-05-24,5480000,경상남도 합천군
상주원예농업협동조합,경상북도 상주시 오흥로 50,경상북도 상주시 신봉동 691-73,36.391189,128.1574949,"오이, 배, 포도",1999,054-531-2385,경상북도 상주시청,2025-06-19,5110000,경상북도 상주시
지곡농협APC,경상남도 함양군 지곡면 병곡지곡로 966-40,경상남도 함양군 지곡면 창평리 684-4,35.56341176,127.7739083,양파+사과,2025,055-960-8322,경상남도 함양군청,2025-06-25,5460000,경상남도 함양군
문경거점산지유통센터,경상북도 문경시 마성면 외어7길 52,경상북도 문경시 마성면 외어리 712,36.6957344,128.1304221,사과,2009,054-572-0055,경상북도 문경시청,2024-11-22,5120000,경상북도 문경시
동안동농협,경상북도 안동시 길안면 웃장터길 15-8,경상북도 안동시 길안면 천지리 814-113,36.45099773,128.8982276,사과+건고추,2005,054-822-5501,경상북도 안동시청,2024-11-29,5070000,경상북도 안동시
진안군농협조합공동사업법인,진북특별자치도 진안군 진안읍 학천변길 11,진북특별자치도 진안군 진안읍 군상리 255,35.793583,127.432429,수박+사과+토마토,2013,063-433-9474,진북특별자치도 진안군청,2025-01-28,4731000,전북특별자치도 진안군
대구경북 능금농협 영천지점,경상북도 영천시 역전로 17,,35.96250058,128.9358821,과수,,054-334-4551,경상북도 영천시청,2025-07-07,5100000,경상북도 영천시
보람APC,경상북도 영천시 금호읍 마단길 102-1,,35.90210443,128.8869143,과수+양파,,054-337-0073,경상북도 영천시청,2025-07-07,5100000,경상북도 영천시
금호농협,경상북도 영천시 금호읍 금창로 86,,35.92458474,128.8780792,과수,,054-338-1131,경상북도 영천시청,2025-07-07,5100000,경상북도 영천시
북안농협,경상북도 영천시 북안면 유상길7(유하463),,35.93854839,128.9712086,과수+마늘,,054-333-7136,경상북도 영천시청,2025-07-07,5100000,경상북도 영천시
임고농협APC,경상북도 영천시 임고면 포은로 422,,36.0138215,128.974772,과수+마늘,,054-335-7701,경상북도 영천시청,2025-07-07,5100000,경상북도 영천시
덕연복숭아작목반,경상북도 영천시 임고면 덕연길 114,,36.0522711,128.984526,복숭아,,054-337-9497,경상북도 영천시청,2025-07-07,5100000,경상북도 영천시
구암채약산포도작목반,경상북도 영천시 금호읍 칠백로 624-35,,35.91626518,128.9295638,포도,,,경상북도 영천시청,2025-07-07,5100000,경상북도 영천시
영천친환경영농조합,경상북도 영천시 화남면 신선로 10-17,,36.02868426,128.9328153,과수,,054-337-6202,경상북도 영천시청,2025-07-07,5100000,경상북도 영천시
천지유통영농조합,경상북도 영천시 금호읍 가라골1길 72-4,,35.92247095,128.8625981,과수,,054-338-8861,경상북도 영천시청,2025-07-07,5100000,경상북도 영천시
과미유통영농법인,경상북도 영천시 임고면 포은로 809-27,,36.0437359,128.9845416,과수,,,경상북도 영천시청,2025-07-07,5100000,경상북도 영천시
영천유기촌영농법인,경상북도 영천시 청통면 청통로 127,,35.99290879,128.8760089,양파+마늘,,054-332-5825,경상북도 영천시청,2025-07-07,5100000,경상북도 영천시
햇살영농조합법인,경상북도 영천시 임고면 포은로 711,,36.03922402,128.9786262,과수,,054-336-7079,경상북도 영천시청,2025-07-07,5100000,경상북도 영천시
영천참조은친환경영농조합법인,경상북도 영천시 화남면 천문로 1471-5,,36.04923263,128.8951347,과수,,,경상북도 영천시청,2025-07-07,5100000,경상북도 영천시
정원유기농영농조합법인,경상북도 영천시 북안면 대경로 2166-116,,35.93612647,128.9797568,양파+마늘,,054-337-1507,경상북도 영천시청,2025-07-07,5100000,경상북도 영천시
고령군농산물산지유통센터(APC),경상북도 고령군 성산면 성산로 839,경상북도 고령군 성산면 기족리 698,,,"딸기, 참외, 멜론",2009,054-954-6363,경상북도 고령군 농업정책과,2025-06-25,5200000,경상북도 고령군
함양농협APC,경상남도 함양군 함양읍 고운로 153,경상남도 함양군 함양읍 신천리 267,35.52285709,127.7383648,양파+밤,2017,055-960-8322,경상남도 함양군청,2025-06-25,5460000,경상남도 함양군
표선농업협동조합 농산물산지유통센터,제주특별자치도 서귀포시 일주동로 5840,제주특별자치도 서귀포시 표선면 표선리 1814-2,33.3338959633,126.8280390451,감귤류+곡류,2010,064-787-2350,제주특별자치도 서귀포시청(감귤농정과),2024-06-24,6520000,제주특별자치도 서귀포시
성산일출봉농업협동조합 농산물산지유통센터,제주특별자치도 서귀포시 성산읍 일주동로 4282,제주특별자치도 서귀포시 성산읍 고성리 1106-3,33.44625413,126.9115463,무+당근,2009,064-780-3145,제주특별자치도 서귀포시청(감귤농정과),2024-06-24,6520000,제주특별자치도 서귀포시
제주감귤농업협동조합 농산물산지유통센터(1유통),제주특별자치도 서귀포시 516로 354,제주특별자치도 서귀포시 토평동 1744-5,33.28320062,126.5910997,감귤류,2015,064-732-6077,제주특별자치도 서귀포시청(감귤농정과),2024-06-24,6520000,제주특별자치도 서귀포시
제주감귤농업협동조합 (거점)농산물산지유통센터(2유통),제주특별자치도 서귀포시 남원읍 태신로 130번길 170,제주특별자치도 서귀포시 남원읍 신흥리 1555,33.31277251,126.7439866,감귤류,2005,064-764-8600,제주특별자치도청(감귤유통과),2024-06-24,6520000,제주특별자치도 서귀포시
북안동농협,경상북도 안동시 북후면 북평로 843,경상북도 안동시 북후면 옹천리 515-5,36.68202613,128.7002342,사과+약용작물류+건고추,2011,054-859-8934,경상북도 안동시청,2024-11-29,5070000,경상북도 안동시
익산푸드통합지원센터 함열센터,전북특별자치도 익산시 익산대로 78길 127-60,전북특별자치도 익산시 함열읍 다송리 880-3,36.0331835,126.9551599,양파+감자+건고추,2023,063-861-7875,전북특별자치도 익산시청,2025-06-23,4681000,전북특별자치도 익산시
용인시농협조합공동사업법인,경기도 용인시 처인구 원삼면 죽양대로1763번길 36-2,경기도 용인시 처인구 원삼면 좌항리 760,37.19350869,127.3214071,감자+양파,2014,031-339-8822,경기도 용인시청,2025-06-24,4050000,경기도 용인시
구지농업협동조합,대구광역시 달성군 구지면 창리로11길 24,,,,마늘+양파,,,대구광역시 달성군,2025-06-23,3480000,대구광역시 달성군
달성영농조합법인,대구광역시 달성군 구지면 구지서로 609,,,,양파,,,대구광역시 달성군,2025-06-23,3480000,대구광역시 달성군
상주시 조합공동사업법인,경상북도 상주시 양촌3길 13,경상북도 상주시 양촌동 595,36.35632363,128.144046,"오이, 양파, 포도, 복숭아",2012,054-531-0730,경상북도 상주시청,2025-06-19,5110000,경상북도 상주시
공검농업협동조합,경상북도 상주시 공검면 비재로 1301,경상북도 상주시 공검면 양정리 199-173,36.51283843,128.1582998,배,2001,054-541-1720,경상북도 상주시청,2025-06-19,5110000,경상북도 상주시
남상주농업협동조합,경상북도 상주시 청리면 남상주로 1044,경상북도 상주시 청리면 청하리 894,36.33200424,128.1251278,"복숭아, 포도, 딸기",2002,054-531-0802,경상북도 상주시청,2025-06-19,5110000,경상북도 상주시
대구경북능금농협 상주지점,경상북도 상주시 왕산로 46,경상북도 상주시 남성동 178-7,36.40756604,128.161545,"포도, 복숭아, 사과",2016,054-535-7862,경상북도 상주시청,2025-06-19,5110000,경상북도 상주시
모서농업협동조합,경상북도 상주시 모서면 백화로 1439,경상북도 상주시 모서면 삼포리 40,36.34336164,127.9662686,포도,2015,054-533-2115,경상북도 상주시청,2025-06-19,5110000,경상북도 상주시
사벌농업협동조합,경상북도 상주시 사벌국면 상풍로 474,경상북도 상주시 사벌국면 덕담리 381-1,36.46775743,128.2101974,"배, 포도, 오이",2020,054-532-8193,경상북도 상주시청,2025-06-19,5110000,경상북도 상주시
평창농협 APC,강원특별자치도 평창군 방림면 서동로 1241,강원특별자치도 평창군 방림면 방림리 1264-2,,,양상추+양배추+배추+감자,2004,,평창농협,2023-07-19,4281000,강원특별자치도 평창군
대화농협 APC,강원특별자치도 평창군 대화면 평창대로 733,강원특별자치도 평창군 대화면 대화리 826-1,,,브로콜리+감자+양배추,1995,,대화농협,2023-07-19,4281000,강원특별자치도 평창군
봉평농협 APC,강원특별자치도 평창군 봉평면 상포항길 9,강원특별자치도 평창군 봉평면 원길리1056-4,,,감자+ 브로콜리,2003,,봉평농협,2023-07-19,4281000,강원특별자치도 평창군
진부농협 APC,강원특별자치도 평창군 진부면 솔천길50-3,강원특별자치도 평창군 진부면 하진부리 160,,,감자+ 대파,2021,,진부농협,2023-07-19,4281000,강원특별자치도 평창군
대관령농협 APC,강원특별자치도 평창군 대관령면 경강로 4199,강원특별자치도 평창군 대관령면 유천리 781-8,,,배추+ 감자+ 당근,2007,,대관령농협,2023-07-19,4281000,강원특별자치도 평창군
대관령원예농협 APC,강원특별자치도 평창군 대관령면 경강로 4980,강원특별자치도 평창군 대관령면 차항리 254,,,양상추+ 당근+ 감자,1994,,대관령원예농협,2023-07-19,4281000,강원특별자치도 평창군
대관령원예농협 APC(채소사업소),강원특별자치도 평창군 방림면 평창대로 84-10,강원특별자치도 평창군 방림면 방림리 611-1,,,배추+무,2014,,대관령원예농협,2023-07-19,4281000,강원특별자치도 평창군
거점산지유통센터,전북특별자치도 장수군 계남면 침곡로 11-26,전북특별자치도 장수군 계남면 침곡리 937-2,35.7139748120,127.5797406150,"사과, 토마토",2006,063-352-3700,전북특별자치도 장수군,2024-10-08,4751000,전북특별자치도 장수군
장수농협농산물유통센터,전북특별자치도 장수군 장수읍 장수로 1880,전북특별자치도 장수군 장수읍 개정리 383-4,35.6231642661,127.5070602580,사과,2015,063-350-3929,장수농협,2024-10-08,4751000,전북특별자치도 장수군
장계농협 APC,전북특별자치도 장수군 장계면 육십령로 149,전북특별자치도 장수군 장계면 송천리 244,35.7320080100,127.5913227000,사과,2017,063-351-0056,장계농협,2024-10-08,4751000,전북특별자치도 장수군
장수사과원예농협 APC,전북특별자치도 장수군 장수읍 백장로 2129-7,전북특별자치도 장수군 장수읍 송천리 1913,35.6425963088,127.5119067520,사과,1998,063-351-7011,장수사과원예농업협동조합,2024-10-08,4751000,전북특별자치도 장수군
오창농협 APC,청주시 청원구 오창읍 오창대로 139,청주시 청원구 오창읍 구룡리 134-7,36.719714,127.4141773,채소류+잡곡류,2009,043-217-7557,충청북도 청주시청,2024-12-12,5710000,충청북도 청주시
오송농협 APC,청주시 흥덕구 오송읍 서평길 34-5,청주시 흥덕구 오송읍 서평리 675-1,36.5881436,127.3189874,애호박+오이+수박,2004,043-238-4752,충청북도 청주시청,2024-12-12,5710000,충청북도 청주시
도담 APC,청주시 흥덕구 청주역로 517-63(신촌동),청주시 흥덕구 신촌동 424-1,36.65393802,127.3825738,사과+배+토마토,2010,043-272-7316,충청북도 청주시청,2024-12-12,5710000,충청북도 청주시
도곡농협 (제1APC),전라남도 화순군 도곡면 효죽로 6,전라남도 화순군 도곡면 효산리 1326-5,34.99832948,126.9178248,파프리카,2006,,전라남도 화순군청,2024-08-13,4900000,전라남도 화순군
도곡농협 (제2APC),전라남도 화순군 도곡면 효죽로 5,전라남도 화순군 도곡면 효산리 1279-20,34.99817684,126.9165721,딸기,2014,,전라남도 화순군청,2024-08-13,4900000,전라남도 화순군
도곡농협 (제3APC),전라남도 화순군 도곡면 효죽로 9,전라남도 화순군 도곡면 효산리 1279-19,34.99843257,126.9164637,"딸기, 토마토",2019,,전라남도 화순군청,2024-08-13,4900000,전라남도 화순군
㈜메가바이오숲,,전라남도 화순군 화순읍 교리 243-5,35.0609567,126.9815941,한약재,2015,,전라남도 화순군청,2024-08-13,4900000,전라남도 화순군
전남생약농업 협동조합,전라남도 화순군 능주면 백암길 29,전라남도 화순군 능주면 백암리 871-1,35.02428165,126.9529481,한약재,2018,,전라남도 화순군청,2024-08-13,4900000,전라남도 화순군
대저농협유통센터(APC),부산광역시 강서구 울만로 228,부산광역시 강서구 대저2동 665-1,35.16811688,128.9344814,토마토,2009,051-972-4154,대저농협,2025-12-16,3360000,부산광역시 강서구
대저농협엽채류산지유통센터,부산광역시 강서구 유통단지1로 102,부산광역시 강서구 대저2동 3141-6,35.16598647,128.9499237,엽채류,2009,051-972-9163,대저농협,2025-12-16,3360000,부산광역시 강서구
부산경남화훼원예농협 APC,부산광역시 강서구 제도로1041번가길 311,부산광역시 강서구 강동동 85-5,35.21773773,128.933469,"화훼, 파프리카",2011,051-972-0710,부경원협,2025-12-16,3360000,부산광역시 강서구
강동농협 APC,부산광역시 강서구 제도로 1129,부산광역시 강서구 강동동 142-1,35.2113179,128.9337139,토마토,1999,051-971-6721,강동농협,2025-12-16,3360000,부산광역시 강서구
창원친환경영농조합법인,경상남도 창원시 의창구 동읍 가술산남로 316,경상남도 창원시 의창구 동읍 산남리 588-1,35.3399048141,128.6790728416,당근+감자+양파,2012,055-255-8642,경상남도 창원시,2025-02-14,5670000,경상남도 창원시
음성농협,충청북도 음성군 음성읍 반기문로 27,충청북도 음성군 읍성읍 신천리 119,36.91901506,127.6885481,복숭아+사과+수박,,,충청북도 음성군청,2024-12-13,4470000,충청북도 음성군
맹동농협,충청북도 음성군 맹동면 대동로 169-7,충청북도 음성군 맹동면 마산리 66-3,36.93253722,127.5514406,수박+멜론,,,충청북도 음성군청,2024-12-13,4470000,충청북도 음성군
대소농협,충청북도 음성군 대소면 오태로 154,충청북도 음성군 대소면 태생리 539-67,36.96592088,127.4919714,수박+애호박,,,충청북도 음성군청,2024-12-13,4470000,충청북도 음성군
감곡농협,충청북도 음성군 감곡면 궁장길 8,충청북도 음성군 감곡면 오궁리 179,37.11880439,127.6566094,복숭아,,,충청북도 음성군청,2024-12-13,4470000,충청북도 음성군
하동군산지유통센터,경상남도 하동군 횡천면 경서대로 1251,경상남도 하동군 횡천면 여의리 668-11,,,밤,2006,,경상남도 하동군청,2024-12-17,5440000,경상남도 하동군
옥종산지유통센터,경상남도 하동군 옥종면 옥종중앙길 60-1,경상남도 하동군 옥종면 청룡리 142-16,,,딸기,2007,,경상남도 하동군청,2024-12-17,5440000,경상남도 하동군
세도농협 농산물유통센터,충청남도 부여군 세도면 세도로 7,충청남도 부여군 세도면 간대리 145-2,36.1698862891,126.9454631014,방울토마토,1996,041-745-3806,충청남도 부여군청,2025-08-01,4570000,충청남도 부여군
구룡농협 농산물유통센터,충청남도 부여군 구룡면 흥수로 160,충청남도 부여군 구룡면 논티리 362,36.2494568281,126.8097818798,"수박 ,딸기",2019,041-832-7977,충청남도 부여군청,2025-08-01,4570000,충청남도 부여군
한국머쉬그린조공법인 농산물유통센터,충청남도 부여군 석성면 종북로 48-33,충청남도 부여군 석성면 증산리 1140-19,36.2450223025,126.9979571437,양송이+표고,2004,041-836-6282,충청남도 부여군청,2025-08-01,4570000,충청남도 부여군
부여군산림조합 임산물유통센터,충청남도 부여군 구룡면 성충로 1407,충청남도 부여군 구룡면 태양리 390-2,36.2501512291,126.8054856086,밤+표고,1999,041-835-2152,충청남도 부여군청,2025-08-01,4570000,충청남도 부여군
㈜ 삼흥농업회사법인 농산물유통센터,충청남도 부여군 세도면 부흥로 1089,충청남도 부여군 세도면 가회리 60-60,36.1594717171,126.9952349258,방울토마토,2013,041-745-0180,충청남도 부여군청,2025-08-01,4570000,충청남도 부여군
충남밤영농조합법인 산지유통시설,충청남도 부여군 외산면 외산로79번길 15-11,충청남도 부여군 외산면 만수리 34-9,36.3009835957,126.7015314648,밤,2009,041-832-3858,충청남도 부여군청,2025-08-01,4570000,충청남도 부여군
농업회사법인 우듬지팜㈜,충청남도 부여군 규암면 흥수로 698,충청남도 부여군 규암면 합송리 29-9,36.2658671292,126.8593843178,토망고+토마토,2015,041-834-2958,충청남도 부여군청,2025-08-01,4570000,충청남도 부여군
규암농협 밤유통센터,충청남도 부여군 은산면 충절로 2851,충청남도 부여군 은산면 은산리 178,36.3113630222,126.8490188399,밤,2017,041-832-3213,충청남도 부여군청,2025-08-01,4570000,충청남도 부여군
쎄븐팜영농조합법인 산지유통센터,충청남도 부여군 규암면 동궁로 136,충청남도 부여군 규암면 금암리 54,36.3176779224,126.9114731812,토마토,2010,041-834-0701,충청남도 부여군청,2025-08-01,4570000,충청남도 부여군
다빈영농조합법인 산지유통센터,충청남도 부여군 석성면 석성북로 81,충청남도 부여군 석성면 현내리 222,36.2305974734,126.9919248472,양송이+표고,2014,041-833-7405,충청남도 부여군청,2025-08-01,4570000,충청남도 부여군
옥알밤영농조합법인 산지유통센터,충청남도 부여군 은산면 매화로146번길 107-23,충청남도 부여군 은산면 가곡리 231,36.3492062356,126.848816915,밤,2014,070-7786-7957,충청남도 부여군청,2025-08-01,4570000,충청남도 부여군
소부리영농조합법인 산지유통센터,충청남도 부여군 초촌면 신암로 128-8,충청남도 부여군 초촌면 신암리 799-1,36.2781625821,126.9809322598,메론+딸기,2019,041-832-1335,충청남도 부여군청,2025-08-01,4570000,충청남도 부여군
부여중앙버섯영농조합법인 산지유통센터,충청남도 부여군 부여읍 삼충로 262,충청남도 부여군 부여읍 가증리 8,36.3057195381,126.9585586512,표고버섯,2010,041-835-3940,충청남도 부여군청,2025-08-01,4570000,충청남도 부여군
벌교농협농산물산지유통센터,전라남도 보성군 벌교읍 옥전1길 36,전라남도 보성군 벌교읍 옥전리 258-16,34.83985559,127.272495,딸기+토마토+오이+참다래,2013,061-858-8600,벌교농업협동조합,2025-08-12,4890000,전라남도 보성군
회천농협농산물산지유통센터,전라남도 보성군 회천면 충의로 439,전라남도 보성군 회천면 군농리 1254-5,34.6951875,127.1117274,감자+쪽파,2000,061-853-8807,회천농업협동조합,2025-08-12,4890000,전라남도 보성군
조성원예산지유통센터,전라남도 보성군 보성읍 평동로 1671,전라남도 보성군 보성읍 용문리 979-11,34.78368105,127.0881169,토마토+대추방울토마토,2010,061-853-8982,조성원예영농조합법인,2025-08-12,4890000,전라남도 보성군
정읍단풍미인조합공동사업법인,전북특별자치도 정읍시 북면 정읍북로 609,전북특별자치도 정읍시 북면 화해리 69-9,35.61233218,126.8919782,토마토+수박+방울토마토+배+등,2014,063-538-1213,전북특별자치도 정읍시청,2025-08-11,4691000,전북특별자치도 정읍시
안성시 농산물산지유통센터,경기도 안성시 대덕면 모산로 148,경기도 안성시 대덕면 모산리 188-1,37.032887,127.245304,원예농산물(배 등),2006,031-671-8120,경기도 안성시청,2025-08-05,4080000,경기도 안성시
충주거점산지유통센터,충청북도 충주시 금가면 금가중앙2길 1-22,충청북도 충주시 금가면 사암리 300,37.034635,127.907202,사과,,,충청북도 충주시청,2025-07-31,4390000,충청북도 충주시
충주농협 산지유통센터,충청북도 충주시 하용두2길 11,충청북도 충주시 용두동 100-7,36.962827,127.8836811,사과+복숭아+방울토마토,,,충청북도 충주시청,2025-07-31,4390000,충청북도 충주시
충주농협 중앙탑지점산지유통센터,,충청북도 충주시 중앙탑면 탑평리 222-2,37.0259731,127.8590977,복숭아,,,충청북도 충주시청,2025-07-31,4390000,충청북도 충주시
충주농협 노은지점 산지유통센터,충청북도 충주시 노은면 연하중앙길 26,충청북도 충주시 노은면 연하리 528-3,37.0471453,127.7554148,복숭아,,,충청북도 충주시청,2025-07-31,4390000,충청북도 충주시
주덕농협 산지유통센터,충청북도 충주시 신니면 덕고개로 32,충청북도 충주시 신니면 신청리 597-9,36.99966143,127.737668,사과+복숭아,,,충청북도 충주시청,2025-07-31,4390000,충청북도 충주시
북충주농협 산지유통센터,충청북도 충주시 앙성면 가곡로 1014-2,충청북도 충주시 앙성면 용포리 98-9,37.10747599,127.7512728,복숭아,,,충청북도 충주시청,2025-07-31,4390000,충청북도 충주시
곡성배영농조합 APC,전라남도 곡성군 목사동면 주목로 364-8,전라남도 곡성군 목사동면 신전리 294-3,35.08665632,127.2956222,배,2008,,전라남도 곡성군청,2024-08-16,4860000,전라남도 곡성군
옥과농협 APC,전라남도 곡성군 오산면 오산로 907,전라남도 곡성군 오산면 연화리 1016-1,35.26084318,127.1177091,사과,2012,,전라남도 곡성군청,2024-08-16,4860000,전라남도 곡성군
곡성농협 APC,전라남도 곡성군 곡성읍 곡고로 174,전라남도 곡성군 곡성읍 대평리 1135-6,35.29166139,127.3159659,딸기+멜론,2015,,전라남도 곡성군청,2024-08-16,4860000,전라남도 곡성군
쿱농산 APC,전라남도 구례군 구례읍 용방면 용산로 107-48,전라남도 구례군 용방면 죽정리 922-1,35.2716567408,127.4141857189,"양배추, 감자, 당근, 양파",2013,061-896-6020,쿱농산,2024-08-14,4870000,전라남도 구례군
구례농협 APC,전라남도 구례군 광의면 케이비에스중계소로 123,전라남도 구례군 광의면 지천리 619-1,35.2306008340,127.4564068744,"오이, 호박류",2014,061-782-0905,구례농협연합사업단,2024-08-14,4870000,전라남도 구례군
영덕농산물산지유통센터,경상북도 영덕군 영덕읍 신공업단지길 19,경상북도 영덕군 영덕읍 남산리 936,,,사과+복숭아,2021,054-734-7751,경상북도 영덕군청,2024-08-28,5180000,경상북도 영덕군
서안동농협,경상북도 안동시 풍산읍 풍산중앙길 79,경상북도 안동시 풍산읍 안교리 496-1,36.58086945,128.5691793,건고추+참외+메론,2013,054-858-7104,경상북도 안동시청,2024-11-29,5070000,경상북도 안동시
안동농협,경상북도 안동시 직곡길 45,경상북도 안동시 송현동 478-1,36.58648444,128.6967151,생강,2015,054-840-3300,경상북도 안동시청,2024-11-29,5070000,경상북도 안동시
안동와룡농협,경상북도 안동시 와룡면 선돌길 5,경상북도 안동시 와룡면 가구리 874,36.6125621,128.7664395,듀류+고구마+감자,2007,054-855-0762,경상북도 안동시청,2024-11-29,5070000,경상북도 안동시
동천안농협 경제통합지원센터,충청남도 천안시 동남구 목천읍 종합휴양지로 120,,,,오이+배+호박,2021,041-553-2605,충청남도 천안시청,2024-12-16,4490000,충청남도 천안시
성환농협 농산물산지유통센타,충청남도 천안시 서북구 성환읍 대홍3길 6,,,,배+블루베리+포도,2008,041-581-2918,충청남도 천안시청,2024-12-16,4490000,충청남도 천안시
아우내농협 농산물종합유통센터,충청남도 천안시 동남구 병천면 유관순길 304-27,,,,오이+메론,2009,041-564-0664,충청남도 천안시청,2024-12-16,4490000,충청남도 천안시
인제농협산지유통센터,강원특별자치도 인제군 북면 갈골로 24-57,강원특별자치도 인제군 북면 원통리 1233번지,38.1165088107,128.2076400402,"고추류, 파프리카",2013,033-460-0917,강원특별자치도 인제군청,2024-12-13,4331000,강원특별자치도 인제군
기린농협산지유통센터,강원특별자치도 인제군 상남면 상남로 37,강원특별자치도 인제군 상남면 상남리 124-4번지,37.8726794165,128.2594474773,"고추류, 감자",2014,033-461-5085,강원특별자치도 인제군청,2024-12-13,4331000,강원특별자치도 인제군
북창원농협,경상남도 창원시 의창구 북면 신촌본포로 56,경상남도 창원시 의창구 북면 신촌리 1663-2,35.3455092289,128.6126703217,단감+자두,2010,055-298-1876,경상남도 창원시,2025-02-14,5670000,경상남도 창원시
대산농협,경상남도 창원시 의창구 동읍 동읍로 1063,경상남도 창원시 의창구 동읍 봉곡리 377,35.3442483444,128.6581345555,풋고추+파프리카,2008,055-291-6998,경상남도 창원시,2025-02-14,5670000,경상남도 창원시
동읍농협,경상남도 창원시 의창구 대산면 진산대로 506번길 2,경상남도 창원시 의창구 대산면 가술리 1,35.3445224205,128.7101376990,단감+당근,1993,055-291-3460,경상남도 창원시,2025-02-14,5670000,경상남도 창원시
배방농협 산지유통센터,충청남도 아산시 배방읍 세교길 232-55,충청남도 아산시 배방읍 세교리 1251-1,36.76299731,127.09543958,오이+가지,2022,041-533-0541,충청남도 아산시,2025-09-01,4520000,충청남도 아산시
영인농협 산지유통센터,충청남도 아산시 영인면 토정로 451,충청남도 아산시 영인면 신봉리 1260,36.89579500,126.97157720,양파+감자+대파+버섯,2019,041-545-5020,충청남도 아산시,2025-09-01,4520000,충청남도 아산시
경주시농산물산지유통센터,경상북도 경주시 고란길 27(효현동),경상북도 경주시 효현동 1082-17,35.82434907,129.152553,토마토+ 파프리카+ 배+ 새송이+ 체리+ 단감+ 사과+ 멜론+ 블루베리+ 만감,2006,054-779-6964,경상북도 경주시청 농업유통과,2025-08-21,5050000,경상북도 경주시
무주 농산물산지유통센터,전북특별자치도 무주군 무주읍 무주로 1739,전북특별자치도 무주군 무주읍 가옥리 300,35.975235,127.650987,복숭아+포도,2008,063-324-9411,전북특별자치도 무주군청,2025-08-18,4741000,전북특별자치도 무주군
안성 농산물산지유통센터,전북특별자치도 무주군 안성면 중산길 26,전북특별자치도 무주군 안성면 장기리 227-4,35.859895,127.6647857,사과+수박,2014,063-323-3912,무주농협,2025-08-18,4741000,전북특별자치도 무주군
설천 농산물산지유통센터,전북특별자치도 무주군 설천면 무설로 1254,전북특별자치도 무주군 설천면 청량리 733,36.015245,127.753686,복숭아+포도,2016,063-324-2507,구천동농협,2025-08-18,4741000,전북특별자치도 무주군
무풍 농산물산지유통센터,전북특별자치도 무주군 무풍면 삼도봉로 1077,전북특별자치도 무주군 무풍면 현내리 708-6,35.970084,127.842506,사과,2009,063-324-2509,전북특별자치도 무주군청,2025-08-18,4741000,전북특별자치도 무주군
사천시농협농산물산지유통센터(사천농협),경상남도 사천시 사천읍 구암두문로 155,경상남도 사천시 사천읍 구암리 1106-3,,,단감+애호박,2009,055-852-5005,경상남도 사천시청,2025-08-14,5340000,경상남도 사천시
정동농협농산물산지유통센터,경상남도 사천시 정동면 상정대로 2540-50,경상남도 사천시 정동면 대곡리 301-2,,,단감+밤,2005,055-852-8911,경상남도 사천시청,2025-08-14,5340000,경상남도 사천시
금강농협,강원특별자치도 고성군 간성읍 흘리길 169,강원특별자치도 고성군 간성읍 흘리 43-3,38.26610371,128.372768,피망,2003,,강원특별자치도 고성군,2023-08-29,4341000,강원특별자치도 고성군
금강농협,강원특별자치도 고성군 간성읍 흘리길 128-85,강원특별자치도 고성군 간성읍 흘리 32-114,38.26448454,128.3666309,피망,2017,,강원특별자치도 고성군,2023-08-29,4341000,강원특별자치도 고성군
내촌농협 농산물산지유통센터,강원특별자치도 홍천군 내촌면 아홉사리로 1062,,,,오이+애호박+풋고추,2006,033-430-3711,강원특별자치도 홍천군청,2023-10-05,4251000,강원특별자치도 홍천군
영귀미농협 사과선별장,강원특별자치도 홍천군 영귀미면 수타사로 3,,,,사과,2020,033-436-6055,강원특별자치도 홍천군청,2023-10-05,4251000,강원특별자치도 홍천군
서석농협 제1산지유통센터,강원특별자치도 홍천군 서석면 구룡령로 2431,,,,오이+애호박+풋고추+방울토마토,2008,033-433-4019,강원특별자치도 홍천군청,2023-10-05,4251000,강원특별자치도 홍천군
서석농협 제2산지유통센터,강원특별자치도 홍천군 서석면 구룡령로 2427,,,,오이+애호박+풋고추+방울토마토,2013,033-433-4019,강원특별자치도 홍천군청,2023-10-05,4251000,강원특별자치도 홍천군
서홍천농협 찰옥수수공선장,강원특별자치도 홍천군 남면 시동안로227,,,,찰옥수수,2014,033-432-5009,강원특별자치도 홍천군청,2023-10-05,4251000,강원특별자치도 홍천군
내면농협 제1농산물산지유통센터,강원특별자치도 홍천군 내면 구룡령로 5274-7,,,,감자+상추+알배기,1998,033-432-2907,강원특별자치도 홍천군청,2023-10-05,4251000,강원특별자치도 홍천군
내면농협 제2농산물산지유통센터,강원특별자치도 홍천군 내면 대한동길 26,,,,오이+풋고추+쥬키니,2012,033-432-2901,강원특별자치도 홍천군청,2023-10-05,4251000,강원특별자치도 홍천군
안양골영농조합,충청남도 천안시 서북구 성환읍 신방로 302-19,,,,배,2001,041-582-4991,충청남도 천안시청,2024-12-16,4490000,충청남도 천안시
영농조합법인그린농산,충청남도 천안시 동남구 성남면 성남로 277,,,,느타리버섯+표고버섯,2018,041-566-0062,충청남도 천안시청,2024-12-16,4490000,충청남도 천안시
입장농협 산지유통센터,충청남도 천안시 서북구 입장면 입장로 217,,,,포도+양파,2017,041-585-5830,충청남도 천안시청,2024-12-16,4490000,충청남도 천안시
직산농협 농산물산지유통센터,충청남도 천안시 서북구 직산읍 천안밸리로 7,,,,배+포도,2009,041-583-3751,충청남도 천안시청,2024-12-16,4490000,충청남도 천안시
천안배원예농협 농산물산지유통센터,충청남도 천안시 서북구 성환읍 연암율금로 129,,,,배+사과+포도,1994,041-581-1416,충청남도 천안시청,2024-12-16,4490000,충청남도 천안시
보은군 과수거점산지유통센터,충청북도 보은군 삼승면 송죽길 66,충청북도 보은군 삼승면 우진리 678-4,36.43135341,127.7315989,사과+복숭아,2023,043-540-3332,충청북도 보은군,2024-11-27,4420000,충청북도 보은군
화성시 농산물 산지유통센터(APC),경기도 화성시 팔탄면 푸른들판로 526,경기도 화성시 팔탄면 구장리 391-5,37.155556,126.9000261,마늘+감자+양파+대파+양배추,2022,031-5180-7810,(재)화성푸드통합지원센터,2025-05-31,5530000,경기도 화성시
삼척농협농산물산지유통센터,강원특별자치도 삼척시 하장면 백두대간로 2677,강원특별자치도 삼척시 하장면 장전리 86-3,37.35453622,128.9266089,브로콜리+산나물+양배추+샐러리+사과+풋고추+아스파라거스,2011,033-552-0040,강원특별자치도 삼척시청,2025-06-10,4241000,강원특별자치도 삼척시
도계농협농산물산지유통센터,강원측별자치도 삼척시 도계읍 늑구점리길 27-21,강원특별자치도 삼척시 도계읍 늑구리 151-7번지 외 3필지,37.257728,129.056809,개두릅+참두릅,2025,033-541-0389,강원특별자치도 삼척시청,2025-06-10,4241000,강원특별자치도 삼척시
수동농협APC,경상남도 함양군 수동면 수남로 106,경상남도 함양군 수동면 화산리 533-1,35.52467671,127.801894,양파+사과,2007,055-960-8322,경상남도 함양군청,2025-06-25,5460000,경상남도 함양군
안의농협APC,경상남도 함양군 안의면 광풍로 82-28,경상남도 함양군 안의면 이전리 269,35.6235489,127.809264,사과,2008,055-960-8322,경상남도 함양군청,2025-06-25,5460000,경상남도 함양군
마천농협APC,경상남도 함양군 마천면 천왕봉로 1162-3,경상남도 함양군 마천면 가흥리 589,35.3967219,127.6663913,가지,2020,055-960-8322,경상남도 함양군청,2025-06-25,5460000,경상남도 함양군
함양양파영농조합법인,경상남도 함양군 유림면 천왕봉로 3018,경상남도 함양군 유림면 화촌리 20-5,35.47857376,127.7962814,양파,1996,055-960-8322,경상남도 함양군청,2025-06-25,5460000,경상남도 함양군
제천시 농산물산지유통센터,충청북도 제천시 수산면 월악로 2749,충청북도 제천시 수산면 적곡리 289-13,,,사과+브로콜리,2005,043-653-9801,남제천농업협동조합,2025-07-08,4400000,충청북도 제천시
백운농협 농산물산지유통센터,충청북도 제천시 백운면 금봉로 16,충청북도 제천시 백운면 평동리 236,,,사과+감자,2010,043-652-6611,백운농업협동조합,2025-07-08,4400000,충청북도 제천시
아산원예농협 거점 산지유통센터,충청남도 아산시 염치읍 충무로 358번길 11,충청남도 아산시 염치읍 방현리 343,36.81275837,127.00670642,배+사과,2012,041-532-4853,충청남도 아산시,2025-09-01,4520000,충청남도 아산시
둔포농협 산지유통센터,충청남도 아산시 둔포면 아산밸리북로 41,충청남도 아산시 둔포면 둔포리 76-4,36.92754755,127.05227910,배,2014,041-531-3135,충청남도 아산시,2025-09-01,4520000,충청남도 아산시
음봉농협 산지유통센터,충청남도 아산시 음봉면 월암로 489,충청남도 아산시 음봉면 쌍룡리 55-5,36.87924238,127.07496390,배,2005,041-546-8270,충청남도 아산시,2025-09-01,4520000,충청남도 아산시
제주감귤농업협동조합 (거점)농산물산지유통센터(3유통),제주특별자치도 서귀포시 1100로 120,제주특별자치도 서귀포시 회수동 733,33.25836572,126.4400468,감귤류,2009,064-739-6781,제주특별자치도청(감귤유통과),2024-06-24,6520000,제주특별자치도 서귀포시
제주감귤농업협동조합 (거점)농산물산지유통센터(6유통),제주특별자치도 서귀포시 남원읍 위미대성로 24,제주특별자치도 서귀포시 남원읍 위미리 1444,33.279997,126.6690937,감귤류,2013,064-764-1103,제주특별자치도청(감귤유통과),2024-06-24,6520000,제주특별자치도 서귀포시
제주감귤농업협동조합 농산물산지유통센터(9유통),제주특별자치도 서귀포시 표선면 돈오름로 121,제주특별자치도 서귀포시 표선면 표선리 2775,33.33226097,126.811214,감귤류,2012,064-787-8835,제주특별자치도 서귀포시청(감귤농정과),2024-06-24,6520000,제주특별자치도 서귀포시
더푸른채 영농조합법인,제주특별자치도 서귀포시 성산읍 금백조로 145,제주특별자치도 서귀포시 성산읍 수산리 2797-1,33.43801345,126.8578828,무,2010,064-783-0380,제주특별자치도 서귀포시청(감귤농정과),2024-06-24,6520000,제주특별자치도 서귀포시
삼다감귤영농조합법인,제주특별자치도 서귀포시 효돈순환로 296,제주특별자치도 서귀포시 하효동 753,33.25965221,126.6148258,감귤류,2012,064-733-0561,제주특별자치도 서귀포시청(감귤농정과),2024-06-24,6520000,제주특별자치도 서귀포시
신산농산물유통영농조합법인,제주특별자치도 서귀포시 성산읍 독자봉로 51번길 16,제주특별자치도 서귀포시 성산읍 신산리 1326-1,33.38187104,126.8723644,무,1997,064-783-2288,제주특별자치도 서귀포시청(감귤농정과),2024-06-24,6520000,제주특별자치도 서귀포시
위미농업협동조합 (거점) 농산물산지유통센터,제주특별자치도 서귀포시 남원읍 하례로 552,제주특별자치도 서귀포시 남원읍 하례리 1185-1,33.29555404,126.6174055,감귤류,2014,064-732-1042,제주특별자치도청(감귤유통과),2024-06-24,6520000,제주특별자치도 서귀포시
신효월라봉영농조합법인,제주특별자치도 서귀포시 월라봉로 76-8,제주특별자치도 서귀포시 신효동 1207-1,33.26793974,126.6028879,감귤류,2004,064-764-4052,제주특별자치도 서귀포시청(감귤농정과),2024-06-24,6520000,제주특별자치도 서귀포시
제주키위영농조합법인 농산물산지유통센터,제주특별자치도 서귀포시 남원읍 남위남성로 213번길 119-86,제주특별자치도 서귀포시 남원읍 남원리 2270,33.28194729,126.6969554,참다래,2015,064-764-7650,제주특별자치도 서귀포시청(감귤농정과),2024-06-24,6520000,제주특별자치도 서귀포시
서귀포한라영농조합법인 농산물산지유통센터,제주특별자치도 서귀포시 516로 575,제주특별자치도 서귀포시 상효동 1124,33.30018878,126.5990716,감귤류,2015,064-733-6707,제주특별자치도 서귀포시청(감귤농정과),2024-06-24,6520000,제주특별자치도 서귀포시
남원농업협동조합 (거점)농산물산지유통센터,제주특별자치도 서귀포시 남원읍 태신로 106,제주특별자치도 서귀포시 남원읍 태흥리 674,33.29530731,126.7443799,감귤류,2013,064-764-9926,제주특별자치도청(감귤유통과),2024-06-24,6520000,제주특별자치도 서귀포시
중문농업협동조합 (거점)농산물산지유통센터,제주특별자치도 서귀포시 색달로 166,제주특별자치도 서귀포시 색달동 1739-1,33.26071757,126.4212771,감귤류,2010,064-738-4188,제주특별자치도청(감귤유통과),2024-06-24,6520000,제주특별자치도 서귀포시
서귀포농업협동조합 (거점)농산물산지유통센터,제주특별자치도 서귀포시 중산간동로 7800-9,제주특별자치도 서귀포시 토평동 2157,33.26888051,126.5828471,감귤류,2009,064-733-4771,제주특별자치도청(감귤유통과),2024-06-24,6520000,제주특별자치도 서귀포시
안덕농업협동조합 농산물산지유통센터,제주특별자치도 서귀포시 안덕면 화순중앙로 12번길 30-5,제주특별자치도 서귀포시 안덕면 화순리 1160-9,33.25024943,126.3310769,감귤류+콩,2012,064-794-0929,제주특별자치도 서귀포시청(감귤농정과),2024-06-24,6520000,제주특별자치도 서귀포시
대정농업협동조합 농산물산지유통센터,제주특별자치도 서귀포시 대정읍 노을해안로 23,제주특별자치도 서귀포시 대정읍 일과리 1395,33.24190904,126.2262695,마늘+감자,2009,064-794-8506,제주특별자치도 서귀포시청(감귤농정과),2024-06-24,6520000,제주특별자치도 서귀포시
효돈농업협동조합 농산물산지유통센터,제주특별자치도 서귀포시 칠십리로 712,제주특별자치도 서귀포시 하효동 855,33.2556595,126.6179008,감귤류,1994,064-767-0391,제주특별자치도 서귀포시청(감귤농정과),2024-06-24,6520000,제주특별자치도 서귀포시
위미농업협동조합 농산물산지유통센터,제주특별자치도 서귀포시 남원읍 위미항구로 217,제주특별자치도 서귀포시 남원읍 위미리 3924-1,33.29273082,126.6513788,감귤류,2014,064-764-1036,제주특별자치도 서귀포시청(감귤농정과),2024-06-24,6520000,제주특별자치도 서귀포시
곤명농협농산물산지유통센터,경상남도 사천시 곤명면 봉명로 493,경상남도 사천시 곤명면 봉계리 181-3,,,딸기+방울토마토,2019,055-854-7004,경상남도 사천시청,2025-08-14,5340000,경상남도 사천시
북신안농업협동조합,전라남도 신안군 지도읍 지도증도로 1,전라남도 신안군 지도읍 읍내리 349-1,35.05775284,126.2054625,양파+마늘+양배추,2012,061-275-0405,전라남도 신안군청,2025-08-12,5010000,전라남도 신안군
남신안농협장산지점,전라남도 신안군 장산면 아미산길 8,전라남도 신안군 장산면 도창리 704,34.64187181,126.1472844,양파+마늘+양배추,2008,061-275-4013,전라남도 신안군청,2025-08-12,5010000,전라남도 신안군
목포신안군농협조합공동사업법인,전라남도 신안군 압해읍 회룡길 51-113,전라남도 신안군 압해읍 신용리 697,34.87527731,126.2941159,양파,2008,061-246-0057,전라남도 신안군청,2025-08-12,5010000,전라남도 신안군
신안농업협동조합,전라남도 신안군 암태면 장단고길 7-1,전라남도 신안군 암태면 단고리 26-1,34.82885726,126.1134682,양파+마늘,2014,061-271-4005,전라남도 신안군청,2025-08-12,5010000,전라남도 신안군
압해농업협동조합,전라남도 신안군 압해읍 압해로 874,전라남도 신안군 압해읍 학교리 615-1,34.86561351,126.3136353,양파+마늘,2008,061-271-0515,전라남도 신안군청,2025-08-12,5010000,전라남도 신안군
임자농업협동조합,전라남도 신안군 임자면 진리길 9,전라남도 신안군 임자면 진리 684,35.08522873,126.1115422,깐대파+저장양파,2017,061-275-3018,전라남도 신안군청,2025-08-12,5010000,전라남도 신안군
비금농업협동조합,전남남도 신안군 비금면 읍동길 74,전라남도 신안군 비금면 덕산리 11-3,34.75879929,125.9293037,시금치,2008,061-246-0057,전라남도 신안군청,2025-08-12,5010000,전라남도 신안군
농업회사법인산과바다유한회사,전라남도 신안군 압해읍 용강길 49-2,전라남도 신안군 압해읍 분매리 139-23,34.85653691,126.3285457,양파+마늘,2016,061-246-3336,전라남도 신안군청,2025-08-12,5010000,전라남도 신안군
농산물종합유통센터,전북특별자치도 고창군 녹두로 1265,전북특별자치도 고창군 고창읍 덕산리 850,35.434781,126.6840997,고구마+배+수박,2005,063-560-2534,전북특별자치도 고창군,2024-06-26,4781000,전북특별자치도 고창군
상주원예영농조합법인,경상북도 상주시 경상대로 3219,경상북도 상주시 만산동 273-1,36.43441798,128.1524178,오이,2015,054-534-0431,경상북도 상주시청,2025-06-19,5110000,경상북도 상주시
서상주농업협동조합,"경상북도 상주시 모동면 중화로 516,",경상북도 상주시 모동면 이동리 775,36.31017544,127.962463,포도,2017,054-533-4016,경상북도 상주시청,2025-06-19,5110000,경상북도 상주시
해도지영농조합법인,경상북도 상주시 공검면 북상주로 1127,경상북도 상주시 공검면 화동리 466-16,36.51965725,128.1636322,"감자, 당근, 고구마",2006,054-541-8833,경상북도 상주시청,2025-06-19,5110000,경상북도 상주시
외서농업협동조합,경상북도 상주시 우산로 817,경상북도 상주시 외서면 연봉리 515-3,36.497997,128.176671,"배, 포도",1993,054-541-3077,경상북도 상주시청,2025-06-19,5110000,경상북도 상주시
중화농업협동조합,경상북도 상주시 화서면 화령로 76,경상북도 상주시 화서면 신봉리 175-2,36.44531887,127.9509308,포도,2018,054-533-0206,경상북도 상주시청,2025-06-19,5110000,경상북도 상주시
함창농업협동조합,경상북도 상주시 함창읍 용곡로 18,경상북도 상주시 함창읍 오사리 44,36.5600502,128.176377,"오이, 양파, 감자",2013,054-541-2481,경상북도 상주시청,2025-06-19,5110000,경상북도 상주시
서북부경남 과수거점산지유통센터,경상남도 거창군 거창읍 거함대로 3372,경상남도 거창군 거창읍 대평리 1347,35.6758035,127.926212,사과+딸기+포도,2009,055-945-3203,경상남도 거창군청,2025-06-01,5470000,경상남도 거창군
영천농협화남APC,경상북도 영천시 화남면 천문로 1587,,36.05904096,128.8911834,과수,,054-337-9201,경상북도 영천시청,2025-07-07,5100000,경상북도 영천시
청우영농조합법인,경상북도 영천시 청통면 청통초등길 8,,35.99121463,128.8238986,양파,,054-336-1414,경상북도 영천시청,2025-07-07,5100000,경상북도 영천시
삼진영농조합법인,경상북도 영천시 신녕면 관기길 66,,36.04196457,128.7955754,양파,,054-334-8392,경상북도 영천시청,2025-07-07,5100000,경상북도 영천시
동고성농협 농산물산지유통센터,경상남도 고성군 영오면 영회로 477,경상남도 고성군 영오면 성곡리 342-4,,,파프리카,,,경상남도 고성군청,2025-07-31,5420000,경상남도 고성군
경북통상 농산물 산지유통센터,경상북도 경산시 진량읍 현내길 76-6,경상북도 경산시 진량읍 현내리 433-1,,,사과+배+파프리카,2008,053-851-8880,경북통상(주),2025-07-30,5130000,경상북도 경산시
경산농협 농산물 산지유통센터,경상북도 경산시 중방로 103,경상북도 경산시 계양동 262-6,,,복숭아+포도,2008,053-812-7732,경산농업협동조합,2025-07-30,5130000,경상북도 경산시
자인농협 농산물 산지유통센터,경상북도 경산시 자인면 계남길 7,경상북도 경산시 자인면 서부리 310,,,복숭아+포도,2009,053-857-2310,자인농업협동조합,2025-07-30,5130000,경상북도 경산시
주촌농협 APC,경상남도 김해시 주촌면 서부로1430번길 19,경상남도 김해시 주촌면 내삼리 794-10,35.22493221,128.8208948,파프리카+단감,2000,055-329-1801,주촌농협,2025-07-28,5350000,경상남도 김해시
생림농협 APC,경상남도 김해시 생림면 마사로 454,경상남도 김해시 생림면 마사리 1522-5,35.37318066,128.8249109,감자+블루베리,2005,055-323-9900,생림농협,2025-07-28,5350000,경상남도 김해시
대동농협 APC,경상남도 김해시 대동면 동남로49번길 87,경상남도 김해시 대동면 초정리 139-1,35.23591329,128.9847331,당근+산딸기+블루베리,2008,055-335-7711,대동농협,2025-07-28,5350000,경상남도 김해시
경남단감원예농협 APC,경상남도 김해시 진영읍 한림로 1114,경상남도 김해시 진영읍 본산리 1600,35.32697139,128.7460036,단감+풋고추+당근,2011,055-343-2020,경남단감원예농협,2025-07-28,5350000,경상남도 김해시
진영농협 APC,경상남도 김해시 진영읍 진산대로 127,경상남도 김해시 진영읍 진영리 1014,35.3172364,128.7268289,단감+당근,2019,055-345-7711,진영농협,2025-07-28,5350000,경상남도 김해시
예천농협 농산물유통사업소,경상북도 예천군 예천읍 역전길 16,경상북도 예천군 예천읍 서본리 214-1,36.64842596,128.4451762,잡곡류,1998,054-655-0976,경상북도 예천군청,2025-07-11,5230000,경상북도 예천군
예천군농산물산지유통센터,경상북도 예천군 개포면 예지로 1226,경상북도 예천군 개포면 경진리 37-1,36.6182436,128.4198471,사과+복숭아+토마토,2014,054-654-0980,경상북도 예천군청,2025-07-11,5230000,경상북도 예천군
대경사과원농협 예천사과유통센터,경상북도 예천군 예천읍 충효로 556,경상북도 예천군 예천읍 우계리 384-1,36.67084778,128.4633483,사과,2013,054-654-4150,경상북도 예천군청,2025-07-11,5230000,경상북도 예천군
만인산농협 산지유통센터,충청남도 금산군 추부면 서대산로 400-6,충청남도 금산군 추부면 요광리 200,36.21740131,127.4942924,깻잎+상추 등 쌈채소,2018,041-753-9282,충청남도 금산군청 및 만인산농협,2025-07-08,4550000,충청남도 금산군
금산농협,충청남도 금산군 남이면 비실길 15,충청남도 금산군 남이면 성곡리 636,36.07236631,127.4883333,깻잎,2012,041-751-9267,충청남도 금산농협,2025-07-08,4550000,충청남도 금산군
남제천농협 농산물산지유통센터,충청북도 제천시 덕산면 약초로 50-3,충청북도 제천시 덕산면 도전리 831,,,과수+양채,2020,043-653-9801,남제천농업협동조합,2025-07-08,4400000,충청북도 제천시
농업회사법인현대유통,전라남도 신안군 압해읍 압해로 980-11,전라남도 신안군 압해읍 동서리 471,34.86423502,126.3051261,양파,2015,061-243-1936,전라남도 신안군청,2025-08-12,5010000,전라남도 신안군
부여농협 농산물유통센터,충청남도 부여군 부여읍 백제문화로 16,충청남도  부여군 부여읍 석목리 143-7,36.2845027529,126.9307253123,수박+멜론,2018,041-835-8008,충청남도 부여군청,2025-08-01,4570000,충청남도 부여군
규암농협 농산물유통센터,충청남도 부여군 규암면 흥수로 700,충청남도  부여군 규암면 합송리 6-1,36.2679192333,126.8601514121,수박+멜론,2008,041-836-0184,충청남도 부여군청,2025-08-01,4570000,충청남도 부여군
서부여농협 농산물유통센터,충청남도 부여군 홍산면 팔충로 52,충청남도 부여군 홍산면 남촌리 417-3,36.2060510463,126.7623684564,수박+딸기,2013,041-835-8885,충청남도 부여군청,2025-08-01,4570000,충청남도 부여군
장암농협 농산물유통센터,충청남도 부여군 장암면 장암로 14,충청남도 부여군 장암면 석동리 662-1,36.2435512022,126.8842776414,수박  풋고추,2008,041-834-2284,충청남도 부여군청,2025-08-01,4570000,충청남도 부여군
중원농협 산지유통센터,충청북도 충주시 동량면 동산로 299,충청북도 충주시 동량면 조동리 1077-3,37.045625,127.9725634,사과,,,충청북도 충주시청,2025-07-31,4390000,충청북도 충주시
동충주농협 산지유통센터,충청북도 충주시 엄정면 동막강현길 279,충청북도 충주시 엄정면 논강리 383,37.091115,127.9023388,사과+복숭아,,,충청북도 충주시청,2025-07-31,4390000,충청북도 충주시
수안보농협 산지유통센터,충청북도 충주시 수안보면 수회리로 174,충청북도 충주시 수안보면 수회리1,36.8794322,127.9768939,복숭아,,,충청북도 충주시청,2025-07-31,4390000,충청북도 충주시
진주원예농협산지유통센터,경상남도 진주시 문산읍 월아산로 949,경상남도 진주시 문산읍 이곡리 1143,35.15620555,128.1627452,딸기+고추+파프리카+배,2020,055-761-8487,경상남도 진주시청,2025-08-06,5310000,경상남도 진주시
영주농산물유통센터,경상북도 영주시 봉현면 소백로 1693,,36.85272263,128.5265193,사과+배+자두,2007,054-630-9000,경상북도 영주시청,2025-07-30,5090000,경상북도 영주시
농업회사법인참사랑친환경㈜,충청남도 보령시 청라면 상중길 32-10,충청남도 보령시 청라면 나원리 869,36.38747632,126.6774999509,버섯(양송이),1997,,충청남도 보령시청,2025-07-15,4510000,충청남도 보령시
백제농산영농조합법인,충청남도 보령시 웅천읍 무창포로 300,충청남도 보령시 웅천읍 관당리 10-12,36.24683284,126.5582857,산채류,2014,,충청남도 보령시청,2025-07-15,4510000,충청남도 보령시
영광농협농산물산지유통센터,전라남도 영광군 군서면 신남로 37,전라남도 영광군 군서면 마읍리 2-13,35.27550095,126.4861548,고구마+양파+고추,2010,061-350-5424,전라남도 영광군 농업유통과,2025-12-04,4970000,전라남도 영광군
동춘천농협 산지유통센터,강원특별자치도 춘천시 동내면 향군길 7,강원특별자치도 춘천시 동내면 신촌리 389-1,37.848090,127.762890,복숭아,2008,033-261-8903,강원특별자치도 춘천시청,2025-11-25,4181000,강원특별자치도 춘천시
서춘천농협 산지유통센터,강원특별자치도 춘천시 서면 서상로 151,강원특별자치도 춘천시 서면 서상리 1204,37.931902,127.698923,감자,2007,033-243-8011,강원특별자치도 춘천시청,2025-11-25,4181000,강원특별자치도 춘천시
신북농협 산지유통센터,강원특별자치도 춘천시 신북읍 율문길 71,강원특별자치도 춘천시 신북읍 율문리 551-1,37.925795,127.745627,토마토+방울토마토+오이+호박,1998,033-243-9700,강원특별자치도 춘천시청,2025-11-25,4181000,강원특별자치도 춘천시
춘천농협 산지유통센터,강원특별자치도 춘천시 신동로 113,강원특별자치도 춘천시 신동 438-2,37.929103,127.734456,토마토+방울토마토+호박,2009,033-243-8310,강원특별자치도 춘천시청,2025-11-25,4181000,강원특별자치도 춘천시
춘천원예농협 산지유통센터,강원특별자치도 춘천시 영서로 2926,강원특별자치도 춘천시 사농동 155,37.913564,127.723184,멜론,2010,033-251-4686,강원특별자치도 춘천시청,2025-11-25,4181000,강원특별자치도 춘천시
농업회사법인탐진들㈜,전라남도 강진군 강진읍 남당로 97-49,전라남도 강진군 강진읍 목리 429-1,34.624253,126.7755621,파프리카,2015,061-434-5877,전라남도 강진군청,2025-11-26,4920000,전라남도 강진군
강릉농협농산물산지유통센터,강원특별자치도 강릉시 유산로 11-10,,,,감자+배추+무,1998,033-646-4864,강원특별자치도 강릉시농업기술센터 유통,2025-11-25,4201000,강원특별자치도 강릉시
청송사과유통센터 주왕산 APC,경상북도 청송군 주왕산면 주왕산로 448,경상북도 청송군 주왕산면 하의리 690-1,36.37935154,129.1040987,사과,,054-874-4040,청송사과유통센터 주왕산 APC,2025-11-18,5160000,경상북도 청송군
청송사과유통센터 현동 APC,경상북도 청송군 현동면 새마을로 5424,경상북도 청송군 현동면 거성리 449,36.2835222,129.0203036,사과,,054-874-1674,청송사과유통센터 현동 APC,2025-11-18,5160000,경상북도 청송군
청송농협 APC,경상북도 청송군 진보면 경동로 4171,경상북도 청송군 진보면 진안리 447,36.52760361,129.041619,사과,,054-873-5906,청송농협 APC,2025-11-18,5160000,경상북도 청송군
남청송농협 APC,경상북도 청송군 안덕면 성덕댐로 1737,경상북도 청송군 안덕면 복리 460-2,36.28410729,128.9552254,사과,,054-872-1765,남청송농협 APC,2025-11-18,5160000,경상북도 청송군
현서농협 APC,경상북도 청송군 현서면 청송로 1063,경상북도 청송군 현서면 구산리 234-1,36.26858402,128.8981377,사과,,054-872-5712,현서농협 APC,2025-11-18,5160000,경상북도 청송군
대구경북능금농협(청송) APC,경상북도 청송군 주왕산면 마뜰길 133,경상북도 청송군 주왕산면 지리 230-6,36.37424272,129.0896391,사과,,054-872-4100,대구경북능금농협(청송) APC,2025-11-18,5160000,경상북도 청송군
대구경북능금농협(안덕) APC,경상북도 청송군 안덕면 묵방길 11,경상북도 청송군 안덕면 감은리 400,36.28609193,128.9469931,사과,,054-874-0996,대구경북능금농협(안덕) APC,2025-11-18,5160000,경상북도 청송군
예산농산물유통센터,충청남도 예산군 신암면 오신로 875,충청남도 예산군 신암면 용궁리 138-4,36.7435362,126.8112727,사과,2008,041-331-3503,충청남도 예산군청,2025-11-11,4610000,충청남도 예산군
덕산농협 농산물산지유통물류센터,충청북도 진천군 덕산읍 초금로 634,충청북도 진천군 덕산읍 용몽리 492-3,36.9010805,127.510607,"수박, 오이",2015,043-536-4387,덕산농협,2025-11-05,4450000,충청북도 진천군
이월농협 농산물산지유통센터,충청북도 진천군 이월면 진광로 765-1,충청북도 진천군 이월면 송림리 465-8,36.9290036,127.4283611,수박,2017,043-536-8383,이월농협,2025-11-05,4450000,충청북도 진천군
남원농협 APC,전북특별자치도 남원시 요천로 1838,전북특별자치도 남원시 고죽동 66-1,35.42573072,127.4115421,오이+양파+복숭아+딸기,2019,063-620-8760,남원농협,2025-11-03,4701000,전북특별자치도 남원시
춘향골농협 APC,전북특별자치도 남원시 금지면 요천로 217,전북특별자치도 남원시 금지면 신월리 738,35.3293314,127.2983768,딸기+감자+포도+양파+멜론+복숭아+상추+토마토,2012,063-631-7045,춘향골농협,2025-11-03,4701000,전북특별자치도 남원시
지리산농협 APC,전북특별자치도 남원시 아영면 내인2길 16-13,전북특별자치도 남원시 아영면 인풍리 938,35.47615145,127.5968448,"포도(캠벨, 샤인)+상추+대추방울토마토+복분자",2010,063-636-5906,지리산농협,2025-11-03,4701000,전북특별자치도 남원시
운봉농협 APC,전북특별자치도 남원시 운봉읍 운봉로 664-11,전북특별자치도 남원시 운봉읍 동천리 324-9,35.43383334,127.5301028,파프리카+상추+포도+사과+대추방울토마토,2006,063-634-0101,운봉농협,2025-11-03,4701000,전북특별자치도 남원시
남원원예농협 APC,전북특별자치도 남원시 아랫정재길 7-14,전북특별자치도 남원시 신정동 445,35.40661949,127.3563626,복숭아+포도+딸기+감자+배,2005,063-636-7800,남원원예농협,2025-11-03,4701000,전북특별자치도 남원시
옥천군 농산물산지유통센터,충청북도 옥천군 옥천읍 가화길 57,충청북도 옥천군 옥천읍 금구리 230,36.3052942607,127.5619960038,포도+복숭아,2010,043-732-9060,충청북도 옥천군청,2024-09-26,4430000,충청북도 옥천군